Type,Name,Request Count,Failure Count,Median Response Time,Average Response Time,Min Response Time,Max Response Time,Average Content Size,Requests/s,Failures/s,50%,66%,75%,80%,90%,95%,98%,99%,99.9%,99.99%,100%
GET,/,314,96,2700.0,10517.869845547919,3.35023200022988,92797.84636900149,322253.2165605096,2.9436545280923974,0.8999708111365292,2800,4700,6300,13000,40000,56000,65000,76000,93000,93000,93000
GET,/?p=12,1220,408,2700.0,10230.526419814623,2.220875998318661,101013.44728899858,313256.5860655738,11.437129058193392,3.824875947330249,2700,4700,6000,10000,42000,54000,67000,73000,96000,101000,101000
GET,/?p=5,585,219,1800.0,8643.313179965666,2.869993004424032,90487.56865099858,38160.875213675215,5.484197130363224,2.053058412905207,1800,3200,4200,7000,36000,51000,59000,66000,90000,90000,90000
GET,/?p=9,957,328,2100.0,10464.932699109717,3.4413879984640516,93543.16912599461,40005.2131661442,8.971584023517275,3.0749002713831413,2100,3700,6700,17000,43000,53000,63000,72000,94000,94000,94000
,Aggregated,3076,1051,2400.0,10030.927232445967,2.220875998318661,101013.44728899858,176843.18790637192,28.83656474016629,9.852805442755127,2400,4000,5900,11000,42000,54000,64000,73000,93000,101000,101000
