Type,Name,Request Count,Failure Count,Median Response Time,Average Response Time,Min Response Time,Max Response Time,Average Content Size,Requests/s,Failures/s,50%,66%,75%,80%,90%,95%,98%,99%,99.9%,99.99%,100%
GET,/,211,0,1400.0,1765.55299433631,138.41217599838274,8280.611223999585,463903.0,2.202583080867629,0.0,1400,2000,2300,2500,3200,4900,7000,7900,8300,8300,8300
GET,/?p=12,843,0,1400.0,1603.068888101944,126.47326099977363,8285.823211997922,470281.0,8.799893541096736,0.0,1400,1900,2100,2300,2900,3400,6800,7900,8300,8300,8300
GET,/?p=5,430,0,980.0,1259.3192150581292,103.18866499437718,8138.964042002044,60533.0,4.4886764207255,0.0,990,1400,1600,1800,2300,2800,6100,7600,8100,8100,8100
GET,/?p=9,655,0,1000.0,1311.282177481106,110.44642900378676,8132.10609700036,60464.0,6.837402454826052,0.0,1000,1400,1600,1700,2200,3500,6700,7400,8100,8100,8100
,Aggregated,2139,0,1200.0,1460.6432179523235,103.18866499437718,8285.823211997922,261787.52968676953,22.328555497515918,0.0,1200,1600,1900,2100,2700,3500,6700,7700,8200,8300,8300
