Type,Name,Request Count,Failure Count,Median Response Time,Average Response Time,Min Response Time,Max Response Time,Average Content Size,Requests/s,Failures/s,50%,66%,75%,80%,90%,95%,98%,99%,99.9%,99.99%,100%
GET,/,20,0,170.0,277.6611428500473,131.25332399795298,1336.448397996719,463903.0,0.209323480934028,0.0,170,200,210,220,1100,1300,1300,1300,1300,1300,1300
GET,/?p=12,129,0,160.0,204.22889799210822,109.35863600025186,2326.663871004712,470281.0,1.3501364520244805,0.0,160,170,170,180,190,210,1200,1300,2300,2300,2300
GET,/?p=5,71,0,130.0,145.1494648170692,94.65410000120755,1132.0369580062106,60533.0,0.7430983573157994,0.0,130,140,140,150,160,160,180,1100,1100,1100,1100
GET,/?p=9,87,0,130.0,178.1794512873561,79.03616099792998,2301.0668709976017,60464.0,0.9105571420630219,0.0,130,140,150,150,180,190,1100,2300,2300,2300,2300
,Aggregated,307,0,150.0,187.96734515307753,79.03616099792998,2326.663871004712,258965.8631921824,3.2131154323373297,0.0,150,160,170,170,180,210,1100,1300,2300,2300,2300
